Nom,Mouvement
William S. Burroughs,Écrivain de la Beat Generation
Lucien Carr,Écrivain de la Beat Generation
Carolyn Cassady,Écrivain de la Beat Generation
John Clellon Holmes,Écrivain de la Beat Generation
Gregory Corso,Écrivain de la Beat Generation
Lenore Kandel,Écrivain de la Beat Generation
Jack Kerouac,Écrivain de la Beat Generation
Jan Kerouac,Écrivain de la Beat Generation
Gerald Nicosia,Écrivain de la Beat Generation
Peter Orlovsky,Écrivain de la Beat Generation
John Wieners,Écrivain de la Beat Generation
Sherwood Anderson,Écrivain de la Génération perdue
Sylvia Beach,Écrivain de la Génération perdue
E. E. Cummings,Écrivain de la Génération perdue
John Dos Passos,Écrivain de la Génération perdue
T. S. Eliot,Écrivain de la Génération perdue
F. Scott Fitzgerald,Écrivain de la Génération perdue
Ernest Hemingway,Écrivain de la Génération perdue
Archibald MacLeish,Écrivain de la Génération perdue
Ezra Pound,Écrivain de la Génération perdue
Gertrude Stein,Écrivain de la Génération perdue
John Steinbeck,Écrivain de la Génération perdue
Antoine Blondin,Écrivain du courant des Hussards
Jean-François Coulomb,Écrivain du courant des Hussards
Michel Déon,Écrivain du courant des Hussards
Geneviève Dormann,Écrivain du courant des Hussards
Guy Dupré,Écrivain du courant des Hussards
André Fraigneau,Écrivain du courant des Hussards
Bernard Frank (écrivain),Écrivain du courant des Hussards
Kléber Haedens,Écrivain du courant des Hussards
Stephen Hecquet,Écrivain du courant des Hussards
Roland Laudenbach,Écrivain du courant des Hussards
Jacques Laurent,Écrivain du courant des Hussards
Félicien Marceau,Écrivain du courant des Hussards
Roger Nimier,Écrivain du courant des Hussards
François Nourissier,Écrivain du courant des Hussards
Jacques Perret (écrivain),Écrivain du courant des Hussards
Willy de Spens,Écrivain du courant des Hussards
Kristine Mann,Écrivain jungien
Thomas Moore (psychothérapeute),Écrivain jungien
Clarissa Pinkola Estés,Écrivain jungien
Clifton Snider,Écrivain jungien
Hal Stone,Écrivain jungien
Israel Aksenfeld,Écrivain du courant réaliste
Leopoldo Alas,Écrivain du courant réaliste
Willibald Alexis,Écrivain du courant réaliste
Honoré de Balzac,Écrivain du courant réaliste
Camilo Castelo Branco,Écrivain du courant réaliste
Luigi Capuana,Écrivain du courant réaliste
Champfleury (écrivain),Écrivain du courant réaliste
Kate Chopin,Écrivain du courant réaliste
Grazia Deledda,Écrivain du courant réaliste
John Dos Passos,Écrivain du courant réaliste
Fiodor Dostoïevski,Écrivain du courant réaliste
Louis Edmond Duranty,Écrivain du courant réaliste
George Eliot,Écrivain du courant réaliste
Erckmann-Chatrian,Écrivain du courant réaliste
Gustave Flaubert,Écrivain du courant réaliste
Theodor Fontane,Écrivain du courant réaliste
Franz Grillparzer,Écrivain du courant réaliste
Henrik Ibsen,Écrivain du courant réaliste
D. H. Lawrence,Écrivain du courant réaliste
Hector Malot,Écrivain du courant réaliste
Guy de Maupassant,Écrivain du courant réaliste
Maria Messina,Écrivain du courant réaliste
Conrad Ferdinand Meyer,Écrivain du courant réaliste
George Moore,Écrivain du courant réaliste
Benito Pérez Galdós,Écrivain du courant réaliste
Bolesław Prus,Écrivain du courant réaliste
Eça de Queiroz,Écrivain du courant réaliste
Wilhelm Raabe,Écrivain du courant réaliste
Matilde Serao,Écrivain du courant réaliste
Upton Sinclair,Écrivain du courant réaliste
Domien Sleeckx,Écrivain du courant réaliste
Stendhal,Écrivain du courant réaliste
Theodor Storm,Écrivain du courant réaliste
Anton Tchekhov,Écrivain du courant réaliste
Léon Tolstoï,Écrivain du courant réaliste
Ivan Tourgueniev,Écrivain du courant réaliste
Jules Vallès,Écrivain du courant réaliste
Giovanni Verga,Écrivain du courant réaliste
Paul Zifferer,Écrivain du courant réaliste
Berthold Auerbach,Écrivain régionaliste
Willy Bal,Écrivain régionaliste
William Barnes (écrivain),Écrivain régionaliste
Matija Bećković,Écrivain régionaliste
Richard Doddridge Blackmore,Écrivain régionaliste
Michel Caffier,Écrivain régionaliste
John Clare,Écrivain régionaliste
August Derleth,Écrivain régionaliste
Patrick K. Dewdney,Écrivain régionaliste
Theodor Fontane,Écrivain régionaliste
Jeremias Gotthelf,Écrivain régionaliste
Thomas Hardy (écrivain),Écrivain régionaliste
Philip Larkin,Écrivain régionaliste
Mariano Latorre,Écrivain régionaliste
John Cowper Powys,Écrivain régionaliste
Peter Rosegger,Écrivain régionaliste
Mary Webb,Écrivain régionaliste
Marià Aguiló,Écrivain de la Renaixença
Pere d'Alcàntara Penya,Écrivain de la Renaixença
Joan Alcover,Écrivain de la Renaixença
Bonaventura Carles Aribau,Écrivain de la Renaixença
Francesc Badenes,Écrivain de la Renaixença
Víctor Balaguer,Écrivain de la Renaixença
Antoni de Bofarull,Écrivain de la Renaixença
Carles Bosch de la Trinxeria,Écrivain de la Renaixença
Bartomeu Ferrà,Écrivain de la Renaixença
Àngel Guimerà,Écrivain de la Renaixença
Constantí Llombart,Écrivain de la Renaixença
Teodor Llorente Olivares,Écrivain de la Renaixença
Joan Maragall,Écrivain de la Renaixença
Manuel Milà i Fontanals,Écrivain de la Renaixença
Mateu Obrador,Écrivain de la Renaixença
Narcís Oller,Écrivain de la Renaixença
Josep Lluís Pons,Écrivain de la Renaixença
Josep Maria Puig i Torralva,Écrivain de la Renaixença
Vicent Wenceslau Querol,Écrivain de la Renaixença
Jeroni Rosselló,Écrivain de la Renaixença
Joaquim Rubió i Ors,Écrivain de la Renaixença
Josep Maria de Sagarra,Écrivain de la Renaixença
Josep Torras i Bages,Écrivain de la Renaixença
Jacint Verdaguer,Écrivain de la Renaixença
Tomàs Villarroya i Sanz,Écrivain de la Renaixença
Khatchatour Abovian,Écrivain romantique
Antonio Alcalá Galiano,Écrivain romantique
Alexandre de Saint-Juan,Écrivain romantique
Achim von Arnim,Écrivain romantique
Bettina von Arnim,Écrivain romantique
Honoré de Balzac,Écrivain romantique
Aloysius Bertrand,Écrivain romantique
Antoni de Bofarull,Écrivain romantique
Pétrus Borel,Écrivain romantique
Ludovico di Breme,Écrivain romantique
Clemens Brentano,Écrivain romantique
Caroline von Briest,Écrivain romantique
Charlotte Brontë,Écrivain romantique
William Cullen Bryant,Écrivain romantique
Robert Burns,Écrivain romantique
Lord Byron,Écrivain romantique
Adelbert von Chamisso,Écrivain romantique
François-René de Chateaubriand,Écrivain romantique
Samuel Taylor Coleridge,Écrivain romantique
Charles Deslys,Écrivain romantique
Alexandre Dumas,Écrivain romantique
Agustín Durán,Écrivain romantique
Joseph von Eichendorff,Écrivain romantique
Alphonse Esquiros,Écrivain romantique
Xavier Forneret,Écrivain romantique
Eugène Fromentin,Écrivain romantique
Georgiana Fullerton,Écrivain romantique
Stefan Florian Garczyński,Écrivain romantique
Théophile Gautier,Écrivain romantique
Antonio Gil y Zárate,Écrivain romantique
Johann Wolfgang von Goethe,Écrivain romantique
Frères Grimm,Écrivain romantique
Jacob Grimm,Écrivain romantique
Wilhelm Grimm,Écrivain romantique
Heinrich Heine,Écrivain romantique
Friedrich Hölderlin,Écrivain romantique
Willem Jacobszoon Hofdijk,Écrivain romantique
Ernst Theodor Amadeus Hoffmann,Écrivain romantique
Victor Hugo,Écrivain romantique
John Keats,Écrivain romantique
Heinrich von Kleist,Écrivain romantique
Alphonse de Lamartine,Écrivain romantique
Friedrich de La Motte-Fouqué,Écrivain romantique
Charles Lassailly,Écrivain romantique
Giacomo Leopardi,Écrivain romantique
Mikhaïl Lermontov,Écrivain romantique
George Lippard,Écrivain romantique
Zygmunt Lubicz-Zaleski,Écrivain romantique
Karel Hynek Mácha,Écrivain romantique
Auguste Maquet,Écrivain romantique
Adam Mickiewicz,Écrivain romantique
Maurice Mochnacki,Écrivain romantique
Vincenzo Monti (poète),Écrivain romantique
Hégésippe Moreau,Écrivain romantique
Eduard Mörike,Écrivain romantique
Karl Philipp Moritz,Écrivain romantique
Alfred de Musset,Écrivain romantique
Gérard de Nerval,Écrivain romantique
Charles Nodier,Écrivain romantique
Novalis,Écrivain romantique
Philothée O'Neddy,Écrivain romantique
Jean Paul,Écrivain romantique
Michel Pichat,Écrivain romantique
Edgar Allan Poe,Écrivain romantique
Alexandre Pouchkine,Écrivain romantique
Alphonse Rabbe,Écrivain romantique
Ferdinand Raimund,Écrivain romantique
Semion Raïtch,Écrivain romantique
Maria Firmina dos Reis,Écrivain romantique
Juan Rico y Amat,Écrivain romantique
Charles-Augustin Sainte-Beuve,Écrivain romantique
Karl Wilhelm Salice-Contessa,Écrivain romantique
George Sand,Écrivain romantique
Max von Schenkendorf,Écrivain romantique
Auguste Schlegel,Écrivain romantique
Friedrich Schlegel,Écrivain romantique
Wilhelm von Schütz,Écrivain romantique
Walter Scott,Écrivain romantique
Mary Shelley,Écrivain romantique
Percy Bysshe Shelley,Écrivain romantique
Robert Southey,Écrivain romantique
Germaine de Staël,Écrivain romantique
Heinrich Steffens,Écrivain romantique
Stendhal,Écrivain romantique
Wilhelm Ténint,Écrivain romantique
Ludwig Tieck,Écrivain romantique
Josef Kajetán Tyl,Écrivain romantique
Rahel Varnhagen,Écrivain romantique
Alfred de Vigny,Écrivain romantique
Zacharias Werner,Écrivain romantique
William Wordsworth,Écrivain romantique
Guillaume Apollinaire,Écrivain surréaliste
Louis Aragon,Écrivain surréaliste
Noël Arnaud,Écrivain surréaliste
Antonin Artaud,Écrivain surréaliste
Pierre Audard,Écrivain surréaliste
Ejler Bille,Écrivain surréaliste
Bona (peintre),Écrivain surréaliste
Brassaï,Écrivain surréaliste
André Breton,Écrivain surréaliste
Jean Carrive,Écrivain surréaliste
Suzanne Césaire,Écrivain surréaliste
Jean-François Chabrun,Écrivain surréaliste
Natália Correia,Écrivain surréaliste
René Crevel (écrivain),Écrivain surréaliste
René Daumal,Écrivain surréaliste
Fernand Dumont (écrivain belge),Écrivain surréaliste
Vratislav Effenberger,Écrivain surréaliste
Yves Elléouët,Écrivain surréaliste
Marcelle Ferry,Écrivain surréaliste
Théodore Fraenkel,Écrivain surréaliste
Ernest de Gengenbach,Écrivain surréaliste
Camille Goemans,Écrivain surréaliste
Tom Gutt,Écrivain surréaliste
Jalal Khoury,Écrivain surréaliste
Michel Leiris,Écrivain surréaliste
Étienne Léro,Écrivain surréaliste
Albert Marenčin,Écrivain surréaliste
Marcel Mariën,Écrivain surréaliste
Benjamin Péret,Écrivain surréaliste
Marcel et Gabriel Piqueray,Écrivain surréaliste
Guia Risari,Écrivain surréaliste
Robert Rius,Écrivain surréaliste
Louis Scutenaire,Écrivain surréaliste
Philippe Soupault,Écrivain surréaliste
Eva Švankmajerová,Écrivain surréaliste
Shūzō Takiguchi,Écrivain surréaliste
André Thirion,Écrivain surréaliste
Pierre Unik,Écrivain surréaliste
Urmuz,Écrivain surréaliste
Nanos Valaoritis,Écrivain surréaliste
Ramsès Younane,Écrivain surréaliste
Maurice Beaubourg,Écrivain symboliste
Otokar Březina,Écrivain symboliste
Emanuil Popdimitrov,Écrivain symboliste
Marcel Schwob,Écrivain symboliste
Friedebert Tuglas,Écrivain symboliste
